Post ID,Account Username,Type of Post,Date,Day of Week,Time of Day,Likes,Comments,Caption,Hashtags,Tagged Users,Is Video,View Count (if video),Engagement Score,Viewer Engagement Score
3416167398237405263,adidasfootball,GraphSidecar,2024-07-20,Saturday,07:01:50,345921,1591,"let the show begin ✨
welcome to the /// fam, Aitana.

que comience el espectáculo ✨
bienvenida a la /// fam, Aitana.",,"adidas, aitanabonmati, adidas_es",False,,744.14,
3480877784659926548,adidasfootball,GraphVideo,2024-10-17,Thursday,13:57:07,69234,443,"dos iconos se unen. 👀🤝
two icons come together. 👀🤝",,"leomessi, adidasoriginals, adidas",True,380970.0,149.2,18.29
3489046387557366352,adidasfootball,GraphSidecar,2024-10-28,Monday,20:19:22,197898,327,the future is LY ⭐,,"adidas, lamineyamal, ballondorofficial, adidas_es",False,,424.46,
3489069608222491236,adidasfootball,GraphSidecar,2024-10-28,Monday,21:05:30,166164,664,"safest hands in the game 🏆🧤
las manos más seguras del juego 🏆🧤",,"adidas, emi_martinez26, ballondorofficial, adidasar",False,,357.23,
3489074111143468436,adidasfootball,GraphSidecar,2024-10-28,Monday,21:14:27,212745,320,🏆 back to back Ballon d’Or 🏆,,"adidas, aitanabonmati, adidas_es",False,,456.24,
3489488286910785920,adidasfootball,GraphVideo,2024-10-29,Tuesday,11:00:33,62669,184,winning starts with a vision 😮‍💨,,"championsleague, adidas, lamineyamal, emi_martinez26, ballondorofficial, aitanabonmati",True,234002.0,134.59,26.86
3516244161883854186,adidasfootball,GraphVideo,2024-12-05,Thursday,08:59:18,66785,2237,"the boot that changed the game forever. this is “UNDER THE TONGUE”. 👅👟

adidas Predator’s untold story drops Dec 11. don’t miss it on @adidasfootball YouTube.",,"davidbeckham, zidane, judebellingham, adidas, louist91, pedri, trentarnold66, aitanabonmati, alessia, enialuko",True,736383.0,147.8,9.37
3518379891943840174,adidasfootball,GraphSidecar,2024-12-08,Sunday,07:39:49,134858,200,"⭐️⭐️⭐️⭐️⭐️⭐️

they're not like @lagalaxy 😮‍💨",,"adidas, mls, lagalaxy, adidasla",False,,289.2,
